Topic	Count	Name	Representation	Label
0	1028	0_giochi_parco_sport_parchi	['giochi', 'parco', 'sport', 'parchi', 'sportive', 'gioco', 'sportiva', 'sportivi', 'sportivo', 'area', 'aree', 'associazioni', 'voucher', 'campo', 'sportello', 'manutenzione', 'descrizione', 'titolo', 'giardini', 'attivitа', 'presenti', 'contributi', 'campi', 'territorio', 'verdi', 'sicurezza', 'calcio', 'attrezzature', 'famiglie', 'progetto']	Gestione Impianti Sportivi
1	639	1_biblioteca_lettura_libri_leggere	['biblioteca', 'lettura', 'libri', 'leggere', 'nati', 'letture', 'libro', 'bambini', 'biblioteche', 'bibliotecario', 'incontri', 'laboratori', 'scuola', 'genitori', 'promozione', 'ragazzi', 'voce', 'comunale', 'progetto', 'alta', 'piccoli', 'punto', 'bibliotecari', 'animate', 'angolo', 'descrizione', 'titolo', 'lettori', 'sezione', 'etа']	Promozione della lettura infantile
2	583	2_euro_00_comune_contributo	['euro', '00', 'comune', 'contributo', 'colonia', 'bambini', 'anni', 'comunale', 'nati', '11', 'scuola', 'servizio', 'categoria', 'famiglie', '30', 'pari', 'iscrizione', 'estiva', 'fino', 'quota', 'anno', 'carico', 'folgarida', 'attivitа', 'figli', 'residenti', 'famiglia', 'dimaro', 'estive', 'associazioni']	Sostegno Attività Estive Minori
3	541	3_famiglia_family_famiglie_distretto	['famiglia', 'family', 'famiglie', 'distretto', 'politiche', 'familiari', 'amici', 'convention', 'network', 'eventi', 'iniziative', 'sito', 'benessere', 'familiare', 'comuni', 'descrizione', 'titolo', 'festa', 'servizi', 'comune', 'informazioni', 'comunitа', 'nazionale', 'attraverso', 'partecipazione', 'rete', 'comunicazione', 'promozione', 'associazioni', 'territorio']	Supporto e Promozione Familiare
4	447	4_piano_giovani_zona_estivo	['piano', 'giovani', 'zona', 'estivo', 'ragazzi', 'periodo', 'giovanile', 'anni', 'progetti', 'estiva', 'tavolo', 'attivitа', 'giovanili', 'adesione', 'progetto', 'comuni', 'colonia', 'comune', 'estive', 'bambini', 'titolo', 'descrizione', 'partecipazione', 'valle', 'comunitа', 'durante', 'luglio', 'estate', 'bassa', 'ludico']	Attività Estive Giovanili
5	428	5_distretto_famiglia_valle_descrizione	['distretto', 'famiglia', 'valle', 'descrizione', 'titolo', 'val', 'piano', 'adesione', 'chiese', 'comune', 'fasciatoio', 'sole', 'giovani', 'accordo', 'cembra', 'domicilio', 'collaborazione', 'zona', 'fasciatoi', 'aderito', 'all', 'festa', 'comano', 'aderisce', 'caldes', 'pedonali', 'rendena', 'cabina', 'bassa', 'serata']	Sviluppo e Collaborazione Locale
6	414	6_teatro_musicale_musica_teatrale	['teatro', 'musicale', 'musica', 'teatrale', 'spettacoli', 'rassegna', 'stagione', 'cinema', 'teatrali', 'giudicarie', 'banda', 'musicali', 'corsi', 'scuola', 'concerto', 'ragazzi', 'cinematografica', 'bambini', 'tariffe', 'rappresentazioni', 'descrizione', 'titolo', 'spettacolo', 'sala', 'attivitа', 'ingresso', 'collaborazione', 'agevolate', 'eccher', 'allievi']	Attività Culturali e Spettacoli
7	360	7_violenza_genere_donne_donna	['violenza', 'genere', 'donne', 'donna', 'sensibilizzazione', 'posto', 'occupato', 'tema', 'pari', 'giornata', 'opportunitа', 'prevenzione', 'novembre', 'panchina', 'sensibilizzare', 'vittime', 'internazionale', 'iniziative', 'volte', 'panchine', 'rossa', 'occasione', '25', 'paritа', 'tematica', 'rosse', 'iniziativa', 'evento', 'incontri', 'collaborazione']	Iniziative contro violenza di genere
8	341	8_scuole_alternanza_studenti_scuola	['scuole', 'alternanza', 'studenti', 'scuola', 'scolastico', 'lavoro', 'compiti', 'supporto', 'infanzia', 'educativo', 'scolastiche', 'progetti', 'dell', 'servizio', 'istituto', 'ragazzi', 'attivitа', 'istituti', 'tirocini', 'rovereto', 'territorio', 'sostegno', 'primaria', 'primarie', 'comunale', 'proseguire', 'comprensivo', 'scolastici', 'integrandosi', 'intende']	Supporto Educativo Scolastico
9	287	9_genitori_genitorialitа_formazione_figli	['genitori', 'genitorialitа', 'formazione', 'figli', 'incontri', 'sostegno', 'papа', 'coppia', 'supporto', 'spazio', 'genitoriali', 'mamme', 'competenze', 'adolescenti', 'bambini', 'serate', 'confronto', 'adulti', 'relazioni', 'materne', 'tana', 'relazione', 'educatori', 'titolo', 'educative', 'percorsi', 'descrizione', 'insieme', 'incontro', 'padri']	Sostegno alla Genitorialità
10	283	10_diciottenni_cerimonia_incontro_costituzione	['diciottenni', 'cerimonia', 'incontro', 'costituzione', 'giovani', 'doveri', 'incontri', 'copia', 'amministrazione', 'maggiorenni', 'attiva', 'responsabilitа', 'diritti', 'statuto', 'iniziative', 'cittadinanza', 'neo', 'comunale', 'tempo', 'etа', 'esercizio', 'comunitа', '18enni', 'formazione', 'autonomia', 'civica', 'bisogni', 'anni', 'impegno', 'disponibile']	Educazione Civica e Cittadinanza Attiva
11	253	11_parcheggi_rosa_parcheggio_gravidanza	['parcheggi', 'rosa', 'parcheggio', 'gravidanza', 'fasciatoio', 'donne', 'mamme', 'igienici', 'fasciatoi', 'riservati', 'presso', 'aree', 'piccoli', 'auto', 'riservato', 'bimbi', 'municipio', 'pressi', 'prossimitа', 'via', 'family', 'servizi', 'parco', 'posti', 'bagni', 'descrizione', 'pubblici', 'stato', 'titolo', 'pubblico']	Servizi per Genitori e Bambini
12	253	12_culturali_turismo_museo_culturale	['culturali', 'turismo', 'museo', 'culturale', 'storico', 'musei', 'eventi', 'arte', 'percorso', 'familiare', 'storia', 'turisti', 'paese', 'territorio', 'locale', 'artistico', 'cittа', 'attivitа', 'fondazione', 'spiccate', 'patrimonio', 'rendono', 'visite', 'famiglie', 'descrizione', 'titolo', 'idoneo', 'all', 'ricreativi', 'evidenza']	Promozione Turistica e Culturale
13	245	13_ecologica_ambientale_giornata_ambiente	['ecologica', 'ambientale', 'giornata', 'ambiente', 'rifiuti', 'educazione', 'pulizia', 'raccolta', 'giornate', 'rispetto', 'tutela', 'sensibilizzare', 'ecologiche', 'differenziata', 'cura', 'collaborazione', 'territorio', 'sensibilizzazione', 'dell', 'corretta', 'cittadini', 'ambientali', 'laboratori', 'associazioni', 'sostenibilitа', 'riuso', 'natura', 'riciclo', 'tema', 'decoro']	Gestione e Sostenibilità Ambientale
14	244	14_asilo_nido_convenzione_servizio	['asilo', 'nido', 'convenzione', 'servizio', 'infanzia', 'asili', 'prima', 'comune', 'monclassico', 'posti', 'sovracomunale', 'struttura', 'pellizzano', 'residenti', 'lagarina', 'comunale', 'gestione', 'villa', 'descrizione', 'privato', 'titolo', 'servizi', 'convenzioni', 'mantenimento', 'anni', 'confermare', 'comuni', 'cooperativa', 'bambini', 'pomarolo']	Servizi per l'infanzia
15	231	15_associazioni_sale_comunali_gratuito	['associazioni', 'sale', 'comunali', 'gratuito', 'culturali', 'locali', 'strutture', 'sedi', 'uso', 'attivitа', 'riunioni', 'contributi', 'spazi', 'associazionismo', 'concesse', 'gruppi', 'disposizione', 'sostegno', 'pubbliche', 'territorio', 'culturale', 'utilizzo', 'attrezzature', 'comune', 'concessione', 'sociale', 'manifestazioni', 'sportive', 'iniziative', 'tutte']	Gestione Spazi Comunitari
16	225	16_benvenuto_nati_nuovi_kit	['benvenuto', 'nati', 'nuovi', 'kit', 'nato', 'regalo', 'natalitа', 'contenente', 'prodotti', 'lettera', 'benvenuti', 'pigotta', 'ogni', 'dono', 'bambino', 'bimbi', 'unicef', 'nuovo', 'iniziativa', 'neonato', 'pacchetto', 'albero', 'genitori', 'anagrafe', 'buono', 'famiglie', 'registrazione', 'libro', 'viene', 'consegnato']	Kit di benvenuto per neonati
17	207	17_anziani_persone_anziane_domicilio	['anziani', 'persone', 'anziane', 'domicilio', 'sociale', 'accompagnamento', 'servizi', '19', 'intervento', 'assistenza', 'alzheimer', 'persona', 'compagnia', 'progetto', 'spesa', 'servizio', 'mediche', 'autosufficienti', 'domiciliare', 'anziana', 'laghi', 'sostegno', 'lavori', 'aiuto', 'inclusione', 'popolazione', 'interventi', 'farmaci', 'attivitа', 'socializzazione']	Assistenza Domiciliare Anziani
18	206	18_pannolini_lavabili_rifiuti_tariffa	['pannolini', 'lavabili', 'rifiuti', 'tariffa', 'smaltimento', 'acquisto', 'contributo', 'misura', 'pannoloni', 'tessili', 'nuclei', 'fino', 'kit', 'litri', 'agevolazioni', 'sanitari', 'agevolazione', 'handicap', 'annuali', 'comprendono', 'indifferenziato', 'inferiore', 'utenze', 'esenzione', '100', 'pagamento', '00', 'fissa', 'etа', 'svuotamenti']	Gestione Rifiuti Sanitari
19	203	19_legna_alloggi_ardere_casa	['legna', 'alloggi', 'ardere', 'casa', 'edilizia', 'fornitura', 'locazione', 'abitativa', 'legname', 'assegnazione', 'abitazione', 'canone', 'prezzo', 'affitto', 'unitа', 'residenza', 'bando', 'proprietа', 'appartamenti', 'alloggio', 'regolamento', 'parenti', 'contributo', 'agevolato', 'legnatico', 'diritto', 'uso', 'prima', 'quintali', 'persone']	Gestione Alloggi e Abitazioni
20	195	20_uffici_apertura_orario_comunali	['uffici', 'apertura', 'orario', 'comunali', 'orari', 'esigenze', '30', 'lavorative', 'pubblico', '00', 'ore', 'ricevimento', 'compatibili', 'flessibilitа', 'tempi', '12', 'appuntamento', 'conciliazione', 'dipendenti', 'fasce', 'orarie', 'identificando', 'lavoro', 'pomeriggio', '18', 'familiari', 'compatibile', 'mercoledм', 'pomeridiana', 'famigliari']	Gestione Orari Uffici Pubblici
21	179	21_family_audit_certificazioni_premianti	['family', 'audit', 'certificazioni', 'premianti', 'certificazione', 'marchio', 'disciplinare', 'trentino', 'sistemi', 'gare', 'organizzazioni', 'fornitori', 'punteggio', 'conciliazione', 'appalto', 'certificate', 'lavoro', 'bandi', 'famiglia', 'ottenuto', 'approvato', 'rispetto', 'procedure', 'politiche', 'giunta', 'distretto', 'attribuzione', 'possesso', 'processo', 'orientando']	Gestione Appalti e Certificazioni
22	171	22_stradale_sicurezza_pedibus_strade	['stradale', 'sicurezza', 'pedibus', 'strade', 'attraversamenti', 'velocitа', 'mobilitа', 'dossi', 'pedonali', 'scuola', 'bambini', 'strada', 'nonni', 'piedi', 'artificiali', 'traffico', 'segnaletica', 'polizia', 'sostenibile', 'autobus', 'pedoni', 'attraversamento', 'veicolare', 'vigile', 'pedonale', 'scuole', 'sicuri', 'rendere', 'dissuasori', 'vigili']	Sicurezza Stradale Pedonale
23	151	23_nido_servizio_infanzia_anticipo	['nido', 'servizio', 'infanzia', 'anticipo', 'posti', 'trasporto', 'posticipo', 'nidi', 'educativo', 'servizi', 'luserna', 'post', 'chiusura', 'scolastico', 'settembre', 'famiglie', 'quota', 'frequenza', 'utenti', 'scuola', 'domande', 'anni', 'sovracomunale', 'prima', 'khlummane', 'lustege', 'ammissione', 'disponibili', 'bambini', 'tritt']	Servizi educativi per l'infanzia
24	142	24_azzardo_dipendenze_gioco_ludopatia	['azzardo', 'dipendenze', 'gioco', 'ludopatia', 'slot', 'contrasto', 'machine', 'sensibilizzazione', 'prevenzione', 'apparecchi', 'fenomeno', 'denaro', 'patologico', 'dipendenza', 'tema', 'esercizi', 'contrastare', 'alcool', 'terminals', 'lottery', 'vincita', 'incontri', 'divieto', 'video', 'volte', 'tematiche', 'acat', 'alcol', 'azioni', 'iniziative']	Prevenzione e contrasto dipendenze
25	139	25_baby_home_little_pit	['baby', 'home', 'little', 'pit', 'stop', 'allattamento', 'allattare', 'unicef', 'cambio', 'spazio', 'biblioteca', 'mamme', 'fasciatoio', 'presso', 'cambiare', 'mamma', 'poltrona', 'confortevole', 'biberon', 'bps', 'casetta', 'pannolino', 'presepi', 'allestimento', 'diritti', 'angolo', 'bambino', 'sanciti', 'parco', 'papа']	Servizi per l'infanzia
26	129	26_civile_universale_cittadinanza_scup	['civile', 'universale', 'cittadinanza', 'scup', 'progetti', 'servizio', 'cittadini', 'confronto', 'provinciale', 'amministrazione', 'attiva', 'ufficio', 'incontri', 'partecipazione', 'giovane', 'politiche', 'raccogliere', 'giunta', 'civico', 'proposte', 'accrescano', 'impegno', 'incoraggiare', 'stimoli', 'osservazioni', 'sviluppo', 'progetto', 'giovanili', 'turista', 'comunale']	Partecipazione Civica Attiva
27	119	27_lavori_intervento_socialmente_utili	['lavori', 'intervento', 'socialmente', 'utili', 'occupazione', '19', 'lavoro', 'lavorativo', 'persone', 'inserimento', 'verde', 'soggetti', 'interventi', 'deboli', 'manutenzione', 'occupabilitа', 'accompagnamento', 'lavorativi', 'urbano', 'lavoratori', 'limiti', 'occupazionali', 'progetti', 'abbellimento', 'progetto', 'impiego', 'recupero', 'ex', 'risposta', 'agenzia']	Inserimento Lavorativo Categorie Deboli
28	118	28_tariffe_tariffa_agevolazioni_tariffarie	['tariffe', 'tariffa', 'agevolazioni', 'tariffarie', 'rifiuti', 'componenti', 'isee', 'comma', 'lett', 'variabile', 'utenze', 'regolamento', 'agevolazione', 'nido', 'applicazione', 'quota', 'riduzione', 'nuclei', 'domestiche', 'infanzia', 'deliberazione', 'art', 'fissa', '00', 'inferiore', 'agevolate', 'familiari', 'frequenza', 'urbani', 'tari']	Gestione Tariffe e Agevolazioni
29	116	29_digitale_tecnologie_digitali_informatica	['digitale', 'tecnologie', 'digitali', 'informatica', 'media', 'divario', 'nuove', 'strumenti', 'comunicazione', 'uso', 'tecnologia', 'intergenerazionale', 'corsi', 'on', 'utilizzo', 'alfabetizzazione', 'line', 'smartphone', 'informatiche', 'corretto', 'giovani', 'educatori', 'piщ', 'internet', 'sportello', 'digitalizzazione', 'attraverso', 'tablet', 'difficoltа', 'generazioni']	Alfabetizzazione Digitale Intergenerazionale
30	114	30_alberi_festa_bosco_forestale	['alberi', 'festa', 'bosco', 'forestale', 'orto', 'primaria', 'natura', 'scuola', 'fiorito', 'lol', 'bambini', 'contatto', 'outdoor', 'organizza', 'collaborazione', 'territorio', 'giornata', 'ambiente', 'fiori', 'learning', 'fauna', 'flora', 'giardino', 'locale', 'progetto', 'naturale', 'vallarsa', 'piante', 'ragazzi', 'conoscenza']	Educazione Ambientale Scolastica
31	103	31_orti_urbanistica_pianificazione_terreno	['orti', 'urbanistica', 'pianificazione', 'terreno', 'orto', 'architettoniche', 'barriere', 'ort', 'saltari', 'appezzamenti', 'arredo', 'comunali', 'terreni', 'destinare', 'area', 'urbano', 'comunitari', 'aree', 'coltivazione', 'lotti', 'apposito', 'gestiti', 'terra', 'realizzazione', 'comunale', 'storico', 'trapiantati', 'nи', 'tione', 'titolo']	Gestione Aree Verdi Urbane
32	98	32_tagesmutter_contributo_servizio_icef	['tagesmutter', 'contributo', 'servizio', 'icef', 'nido', 'familiare', 'base', 'sorriso', 'orario', 'cooperativa', 'ore', 'massimo', 'famiglie', 'affidare', 'complementare', 'usufruiscono', 'continuativo', 'convenzione', 'erogato', 'sostenuti', 'abbattimento', 'stabile', 'indicatore', 'modo', 'sostegno', 'infanzia', 'formato', 'organismi', 'operante', 'risposte']	Servizi di assistenza all'infanzia
33	92	33_standard_accordo_effettive_adeguare	['standard', 'accordo', 'effettive', 'adeguare', 'prioritario', 'specificitа', 'attivarsi', 'ciascuno', 'offerte', 'considerando', 'aderenti', 'attori', 'implementare', 'family', 'strutture', 'affinchй', 'ospiti', 'privati', 'possano', 'base', 'impegna', 'esigenze', 'residenti', 'obiettivo', 'sensibilizzare', 'pubblici', 'area', 'proposte', 'famiglie', 'sostegno']	Sostegno e Sensibilizzazione Comunitaria
34	88	34_passeggiate_sentieri_mappatura_family	['passeggiate', 'sentieri', 'mappatura', 'family', 'percorsi', 'chiese', 'escursioni', 'famiglie', 'consorzio', 'membri', 'procedere', 'turistico', 'sentieristica', 'pineta', 'valle', 'misura', 'cartaceo', 'collaborazione', 'puntuale', 'adatti', 'spaziando', 'segnaletica', 'scelte', 'orientare', 'programmate', 'potuta', 'settimanali', 'ecomuseo', 'facenti', 'passeggiata']	Gestione Percorsi Turistici
35	81	35_percorso_sentiero_sentieri_ripristino	['percorso', 'sentiero', 'sentieri', 'ripristino', 'sentieristica', 'tracciato', 'sosta', 'lungo', 'sensoriale', 'legno', 'acqua', 'bosco', 'realizzazione', 'pedonale', 'rabbi', 'rete', 'ciclopedonale', 'pista', 'manutenzione', 'tematici', 'vegetazione', 'tematico', 'riserve', 'piramidi', 'numerosi', 'percorsi', 'strada', 'tratto', 'area', 'anello']	Gestione Percorsi Naturalistici
36	74	36_salute_prevenzione_lilt_tumori	['salute', 'prevenzione', 'lilt', 'tumori', 'rosa', 'tumore', 'serate', 'benessere', 'campagna', 'ottobre', 'seno', 'incontri', 'malattie', 'giornata', 'ossana', 'mese', 'donne', 'diagnosi', 'nastro', 'vita', 'caldes', 'volte', 'dedicato', 'donna', 'giovedм', 'precoce', 'marzo', 'stili', 'informative', 'organizzare']	Prevenzione e Salute Femminile
37	73	37_sito_facebook_pagina_web	['sito', 'facebook', 'pagina', 'web', 'internet', 'telegram', 'istituzionale', 'instagram', 'social', 'comune', 'bacheca', 'brentonico', 'informazioni', 'canali', 'informativa', 'pubblicazione', 'portale', 'sezione', 'point', 'family', 'informativo', 'pagine', 'comunicazioni', 'consorzio', 'trentini', 'comunicazione', 'folgaria', 'intuitivo', 'avvisi', 'informazione']	Gestione Comunicazione Digitale
38	71	38_ricarica_bike_colonnine_mobilitа	['ricarica', 'bike', 'colonnine', 'mobilitа', 'elettriche', 'biciclette', 'sharing', 'elettrica', 'bici', 'ciclabile', 'sostenibile', 'ciclabili', 'collegamento', 'comuniciclabili', 'bicicletta', 'vocazione', 'punti', 'primiero', 'brenta', 'ambientale', 'immagine', 'stazioni', 'progetto', 'pista', 'noleggio', 'amministrazioni', 'territorio', 'fiab', 'ciclabilitа', 'lavora']	Infrastrutture per Mobilità Ciclistica Sostenibile
39	69	39_ambulatorio_pediatrico_medico_ambulatori	['ambulatorio', 'pediatrico', 'medico', 'ambulatori', 'medici', 'infermieristico', 'pediatra', 'pediatrici', 'pediatrica', 'disposizione', 'sanitari', 'medicina', 'mette', 'prelievi', 'logopedista', 'sostenendo', 'fasciatoio', 'presenti', 'servizi', 'sangue', 'psicologa', 'altri', 'titolo', 'base', 'ore', 'descrizione', 'presenza', 'spese', 'disostruzione', 'generale']	Servizi Sanitari Pediatrici
40	65	40_terza_universitа_etа_disponibile	['terza', 'universitа', 'etа', 'disponibile', 'tempo', 'demarchi', 'corsi', 'fondazione', 'franco', 'accademico', 'trasporto', 'sede', 'partecipanti', 'trento', 'organizzato', 'ginnastica', 'folgaria', 'perlopiщ', 'de', 'centinaio', 'attivitа', 'motorie', 'finanziata', 'organizza', 'marchi', 'anno', 'dolce', 'lezioni', 'economicamente', 'vedono']	Attività Motorie e Sportive
41	62	41_emas_certificazione_ambientali_ambientale	['emas', 'certificazione', 'ambientali', 'ambientale', 'sistema', 'pefc', 'sostenibile', 'energia', 'prestazioni', 'gestione', 'energetica', 'emissioni', '14001', 'iso', '2008', 'scheme', 'proprie', 'certificazioni', 'efficienza', 'eco', 'management', 'regolamento', 'ita', 'organizzazioni', 'migliorare', 'europea', 'audit', 'rinnovabile', 'dichiarazione', 'ambiente']	Gestione Ambientale ed Energetica
42	62	42_wifi_free_wi_fi	['wifi', 'free', 'wi', 'fi', 'internet', 'trentinowifi', 'gratuito', 'piazza', 'rete', 'utilizzare', 'punti', 'pc', 'zone', 'gratuita', 'bettini', 'wilma', 'postazioni', 'biblioteca', 'sede', 'podestа', 'collegamento', 'libero', 'registrazione', 'connettivitа', 'piazze', 'luoghi', 'rosmini', 'presso', 'trentino', 'paese']	Accesso Internet Pubblico
43	60	43_suggerimenti_cassetta_reclami_ascolto	['suggerimenti', 'cassetta', 'reclami', 'ascolto', 'sportello', 'assessori', 'cittadini', 'raccogliere', 'sindaco', 'comunicazioni', 'popolazione', 'proposte', 'assessore', 'segnalazioni', 'appuntamento', 'ricevere', 'sede', 'raccolta', 'consigli', 'disponibili', 'municipale', 'anonima', 'problematiche', 'segnalare', 'cassettina', 'presso', 'confronto', 'sportelli', 'informazione', 'istanze']	Gestione Reclami e Segnalazioni
44	56	44_disabilitа_disabili_persone_indipendente	['disabilitа', 'disabili', 'persone', 'indipendente', 'autismo', 'abitare', 'inclusione', 'diritti', 'fragilitа', 'attenzione', 'residenzialitа', 'chiavi', 'casa', 'progetti', 'attuabili', 'minori', 'sociale', 'azioni', 'perseverare', 'ulss', 'sostegno', 'nazionale', 'possibile', 'mondiali', 'cohousing', 'orientata', 'formalmente', '112', 'ambito', 'vita']	Supporto Abitativo Inclusivo Disabili
45	55	45_creativi_laboratori_laboratorio_burro	['creativi', 'laboratori', 'laboratorio', 'burro', 'bambini', 'socializzanti', 'organizzati', 'giocando', 'genitori', 'divertendosi', 'sotto', 'organizzazione', 'esperti', 'biblioteche', 'stradale', 'guida', 'creativo', 'ragazzi', 'collaborando', 'educativi', 'tradizioni', 'polizia', 'vari', 'municipale', 'formativi', 'connessione', 'presenza', 'momenti', 'famiglie', 'ausilio']	Attività Educative e Sociali
46	54	46_alimentare_spreco_solidale_alimentari	['alimentare', 'spreco', 'solidale', 'alimentari', 'primiero', 'distribuzione', 'alimenti', 'lotta', 'alimentazione', 'scadenza', 'invenduti', 'vendibili', 'difettose', 'donano', 'commercialmente', 'confezioni', 'rovinate', 'rimasti', 'apas', 'resi', 'pacchi', 'prossima', 'cibo', 'supermercato', 'prodotti', 'volontari', 'associazione', 'onlus', 'sana', 'commerciali']	Distribuzione Alimenti Solidale
47	50	47_ski_pass_sci_agevolato	['ski', 'pass', 'sci', 'agevolato', 'stagionale', 'invernale', 'stagione', 'battitura', 'alpinismo', 'arrampicata', 'skipass', 'ciaspole', 'risalita', 'acquistare', 'impianti', 'abbonamento', 'comprensori', 'acquisto', 'prezzo', 'free', 'pista', 'sky', 'sole', 'peio', 'ghiaccio', 'marilleva', 'skibus', 'confermare', '30ђ', 'agevolazioni']	Attività Invernali e Skipass
48	50	48_animazione_animatori_bambini_occupare	['animazione', 'animatori', 'bambini', 'occupare', 'divertente', 'estiva', 'creativa', 'spettacoli', 'socializzare', 'metа', 'gestiti', 'maniera', 'consentire', 'girotondo', 'vivi', 'libero', 'progetto', 'ragazzi', 'estivo', 'esperti', 'film', 'etа', 'amicizia', 'grest', '11', 'stagionalmente', 'forzatи', 'primi', 'lunedм', 'albero']	Attività Estive per Bambini
49	49	49_autovalutazione_annuale_piano_documento	['autovalutazione', 'annuale', 'piano', 'documento', 'monitorare', 'verifica', 'materia', 'monitoraggio', 'previste', 'familiari', 'politiche', 'compilando', 'interventi', 'realizzate', 'approvare', 'presolana', 'distanza', 'entro', 'impegna', 'strumenti', 'valutazione', 'azioni', 'agenzia', 'attuazione', 'anno', 'grado', 'approvazione', 'reclami', 'cassetta', 'gradimento']	Gestione e Valutazione Politiche Pubbliche
50	47	50_lingua_madrelingua_inglese_tedesco	['lingua', 'madrelingua', 'inglese', 'tedesco', 'lingue', 'insegnante', 'accostamento', 'araba', 'straniera', 'linguistiche', 'corsi', 'tedesca', 'rovetta', 'scuola', 'progetto', 'precisa', 'insegnanti', 'soprattutto', 'ampliare', 'conoscenze', 'finanziario', 'ruffrи', 'permettere', 'usufruire', 'dell', 'solo', 'italiano', 'espresso', 'infanzia', 'dialetto']	Formazione Linguistica Specializzata
51	46	51_natale_babbo_natalizio_eventi	['natale', 'babbo', 'natalizio', 'eventi', 'pasqua', 'carnevale', 'periodo', 'calliano', 'befana', 'mercatini', 'uovo', 'ritrovo', 'natalizi', 'laboratori', 'domenica', 'bambini', 'ludici', 'rivolti', 'turistico', 'nascono', 'sfilata', 'partecipati', 'donare', 'cori', 'tanti', 'feste', 'gospel', 'tombolata', 'collaborazione', 'mamma']	Eventi Festivi e Ricreativi
52	44	52_figlio_contributo_acquisto_spendibile	['figlio', 'contributo', 'acquisto', 'spendibile', 'nati', 'nuovi', 'nuclei', 'forfettario', 'farmacia', 'euro', 'ogni', 'prodotti', 'idrico', 'terzo', 'alimentazione', 'farmaci', 'esclusi', '100', 'esclusivo', 'erogato', 'pannolini', 'bambino', 'salviette', '00', 'familiari', 'nato', 'nucleo', 'creme', 'sigilla', 'biodegradabili']	Sostegno Famiglie con Neonati
53	40	53_meritevoli_borse_studio_studenti	['meritevoli', 'borse', 'studio', 'studenti', 'premi', 'visibilitа', 'annualmente', 'aumentare', 'regolamento', 'assegnano', 'intestate', 'proprio', 'laureati', 'aderenti', 'marchio', 'stradali', 'conseguimento', 'cartelli', 'lauree', 'carte', 'laurea', 'denaro', 'tesi', 'comunicazioni', 'comuni', 'assegna', 'sssg', 'utilizzare', 'esame', 'borsa']	Sostegno Economico Studenti
54	36	54_stage_madonna_campiglio_pinzolo	['stage', 'madonna', 'campiglio', 'pinzolo', 'studenti', 'formativi', 'secondaria', 'scuola', 'primaria', 'stages', 'cles', 'grado', 'disponibilitа', 'istituto', 'istruzione', 'curricolari', 'accogliere', 'tecnico', 'zobia', 'mata', 'tirocini', 'rocchetta', 'rinviata', 'istituti', 'orientamento', 'buonarrotti', 'russel', 'professionale', 'curricolare', 'tirocinio']	Formazione e Orientamento Scolastico
55	35	55_conciliazione_lavoro_tempi_dipendenti	['conciliazione', 'lavoro', 'tempi', 'dipendenti', 'vita', 'aziende', 'appalto', 'famiglia', 'gare', 'ferie', 'micronido', 'prestazione', 'aumento', 'telelavoro', 'punteggio', 'estivi', 'convegno', 'favorire', 'welfare', 'lavoratrice', 'caratterizzino', 'promuovono', 'propri', 'proposta', 'servizio', 'aggiunta', 'estensione', 'handicap', 'periodo', 'lavoratore']	Politiche di Welfare Lavorativo
56	32	56_medici_multiservizi_farmacia_farmacie	['medici', 'multiservizi', 'farmacia', 'farmacie', 'medico', 'ambulatorio', 'ambulatori', 'medicina', 'farmaci', 'domicilio', 'generale', 'servizio', 'sort', 'consegna', 'farmaco', 'dar', 'locali', 'cittadino', 'pronto', 'assegnati', 'spesa', 'impossibilitate', '2049', 'supermarket', 'providing', 'smr', 'servizi', 'erboristeria', 'ruotano', 'parafarmacia']	Servizi Sanitari e Farmaceutici
57	32	57_estivo_asilo_calendarizzazione_custodia	['estivo', 'asilo', 'calendarizzazione', 'custodia', 'efficace', 'agosto', 'supportare', 'luglio', 'tempi', 'periodo', 'turistico', 'conciliazione', 'figli', 'mesi', 'opta', 'decisione', 'afflusso', 'sinergia', 'cosм', 'materna', 'tenendo', 'educazione', 'comano', 'adottare', 'tale', 'obiettivo', 'capofila', 'lavoro', 'anni', 'nido']	Gestione Servizi Educativi Estivi
58	31	58_paganella_altropiano_andalo_giovani	['paganella', 'altropiano', 'andalo', 'giovani', 'piano', 'altopiano', 'incontra', 'altri', 'spazio', 'impegnandosi', 'sede', 'comuni', 'cooperativa', '35', 'promuovere', 'mantiene', 'collaborare', 'progetti', 'centro', 'svolgono', 'mini', 'aps', 'siede', 'finanziano', 'attivitа', 'giovanile', 'risalita', 'denominato', 'comunitа', 'presentazione']	Promozione Attività Giovanili Comunitarie
59	31	59_illumino_meno_energetico_risparmio	['illumino', 'meno', 'energetico', 'risparmio', 'campagna', 'illuminazione', 'caterpillar', 'ore', 'iniziativa', 'basso', 'luci', 'radio', 'programma', 'giornata', 'ambientale', 'sostenibilitа', '18', 'rai', 'spegnere', 'sensibilizzazione', '00', 'pubblica', 'adesione', 'spegnimento', 'lampade', 'impatto', 'indetta', 'ognuno', 'illuminanti', 'abbassare']	Efficienza Energetica Illuminazione
60	31	60_sci_ginnastica_palestra_coste	['sci', 'ginnastica', 'palestra', 'coste', 'bolbeno', 'amministrato', 'dolce', 'impianto', 'apprendimento', 'vantaggiose', 'motoria', 'sportiva', 'prospettive', 'veicolo', 'volano', 'importanti', 'alpino', 'scopo', 'club', 'ricadute', 'nordico', 'genzianella', 'positive', 'rabbi', 'sportivo', 'sport', 'gratuite', 'chiese', 'bim', 'incidenza']	Attività Sportive e Ricreative
61	30	61_laghi_valle_chiamo_comuni	['laghi', 'valle', 'chiamo', 'comuni', 'ludopatia', 'burundi', 'comprensivo', 'istituto', 'gemellaggio', 'comunitа', 'tema', 'attivo', 'educativa', 'frequentanti', 'dro', 'brentonico', 'alunni', '01', 'articolate', 'informative', 'muiynga', 'genitoriali', 'altri', 'dipendenze', 'progetti', '2001', 'ludico', 'mattutina', 'informativo', 'melograno']	Attività Educative e Sociali
62	29	62_bullismo_cyberbullismo_educazione_fenomeno	['bullismo', 'cyberbullismo', 'educazione', 'fenomeno', 'tema', 'magnifica', 'cyber', 'riguardano', 'contrasto', 'biennio', 'cimbri', 'collabora', 'promossi', 'altipiani', 'luserna', 'circondario', 'connesse', 'buone', 'informative', 'legalitа', 'progetti', 'lotta', 'prevenire', 'collaborerа', 'pratiche', 'ambientali', 'materia', 'sensibilizzazione', 'comportamenti', 'benessere']	Prevenzione e contrasto bullismo
63	28	63_straniere_integrazione_stranieri_italiana	['straniere', 'integrazione', 'stranieri', 'italiana', 'corsi', 'cittadinanza', 'italiano', 'favorire', 'lingua', 'inserirsi', 'trame', 'produttivo', 'ottiene', 'festa', 'eventuale', 'consolidare', 'logistico', 'vive', 'organizzata', 'lavis', 'immigrati', 'cultura', 'approfondire', 'informatica', 'doveri', 'permettono', 'organizzati', 'cittadini', 'capacitа', 'finanziamento']	Integrazione e Cittadinanza Attiva
64	28	64_internet_mlol_accesso_ebook	['internet', 'mlol', 'accesso', 'ebook', 'biblioteca', 'iscrizione', 'punto', 'prestito', 'utenti', 'medialibraryonline', 'book', 'audiolibri', 'digitali', 'library', 'online', 'on', 'line', 'digitale', 'media', 'quotidiani', 'aumento', 'servizio', 'bibcom', 'banche', 'attivazione', 'registrazioni', 'periferica', 'sede', 'download', 'periferiche']	Servizi Bibliotecari Digitali
65	28	65_card_family_pubblicizza_vantaggi	['card', 'family', 'pubblicizza', 'vantaggi', 'tramite', 'manifesti', 'cinematografici', 'agevolato', 'informa', 'mettendola', 'offerti', 'sms', 'inserisce', 'trentino', 'concretamente', 'tariffario', 'composizione', 'rilascio', 'informativa', 'ottenere', 'sito', 'funzioni', 'condizione', 'varie', 'sottoscrivere', 'economiche', 'promozionale', 'importanti', 'economia', 'supermercati']	Promozione Servizi Familiari
66	26	66_piscina_banale_lorenzo_nuoto	['piscina', 'banale', 'lorenzo', 'nuoto', 'convenzionati', 'malи', 'tariffe', 'convenzione', 'permette', 'limitrofi', 'economico', 'natatorie', 'comuni', 'dorsino', 'agevolazione', 'utilizzo', 'oneroso', 'gardolo', 'piscine', 'natatorio', 'san', 'considerata', 'pure', 'incentivi', 'entrata', 'sostegno', 'sita', 'agevolato', 'agevolate', 'disabili']	Servizi Natatori Agevolati
67	25	67_gratis_pannolini_lombardia_nidi	['gratis', 'pannolini', 'lombardia', 'nidi', 'regione', 'misura', 'lavabili', 'adesione', 'kit', 'fornitura', 'gratuita', 'pellet', 'nuovi', 'nati', 'bellini', 'allattamento', 'negritella', 'regalo', 'riscaldamento', 'cambio', 'accedere', 'invernali', 'sede', 'offre', 'descrizione', 'titolo', 'acquisto', 'buono', '2011', 'spazio']	Sostegno Famiglie e Neonati
68	25	68_festival_gioco_alpe_orme	['festival', 'gioco', 'alpe', 'orme', 'edizione', 'cimbra', 'future', 'altipiani', 'luserna', 'mountain', 'montagna', 'pony', 'dedicato', 'rilettura', 'indistintamente', 'fregia', 'prestavano', 'moderna', 'trasferire', 'animazioni', 'open', 'folgaria', 'chiave', 'giri', 'personaggi', 'brio', 'letture', 'deriva', 'evento', 'event']	Eventi Culturali Montani
69	24	69_telegram_sms_canale_riguardano	['telegram', 'sms', 'canale', 'riguardano', 'comunicazioni', 'attivato', 'eventi', 'veloce', 'disservizi', 'informa', 'informare', 'merito', 'cittadini', 'utilizza', 'servizio', 'comano', 'informerа', 'utilitа', 'messaggistica', 'newsletter', 'facile', 'euregiofamilypass', 'terme', 'notiziario', 'popolazione', 'informazioni', 'richiesta', 'iniziative', 'account', 'cosmos']	Comunicazione e Informazione ai Cittadini
70	24	70_ecomuseo_turistico_borlezza_laboratori	['ecomuseo', 'turistico', 'borlezza', 'laboratori', 'viaggiatori', 'percorsi', 'desideri', 'culturali', 'legati', 'espressi', 'apprezzata', 'introdotta', 'specifici', 'numerose', 'telve', 'tessera', 'lagorai', 'permesso', 'vanoi', 'tesino', 'terra', 'coinvolgono', 'attivitа', 'attivazione', 'viaggi', 'organizza', 'famiglie', 'agevolato', 'val', 'formative']	Promozione Turistica Culturale
71	22	71_videosorveglianza_telecamere_video_sistema	['videosorveglianza', 'telecamere', 'video', 'sistema', 'varchi', 'installazione', 'deterrente', 'demandate', 'trasgressori', 'perseguite', 'illeciti', 'opportuni', 'manifesta', 'considerare', 'rispondenti', 'ordinamento', 'sicura', 'vigente', 'circuito', 'sentirsi', 'sorveglianza', 'regolamenti', 'appartenenti', 'valido', 'provvedimenti', 'centrale', 'rete', 'esigenza', 'introduzione', 'integrato']	Sicurezza e Sorveglianza Urbana
72	21	72_intergenerazionale_scambio_generazioni_pensionati	['intergenerazionale', 'scambio', 'generazioni', 'pensionati', 'anziani', 'laboratori', 'tradizioni', 'intergenerazionali', 'serali', 'sanno', 'daranno', 'insegnando', 'avvicinano', 'usanze', 'interazione', 'giovani', 'competenze', 'impiegare', 'concerti', 'canto', 'cosм', 'progetti', 'manuali', 'festivitа', 'residenza', 'azienda', 'nonni', 'ecc', 'realizzate', 'nuove']	Attività Intergenerazionali Comunitarie
73	21	73_conferimento_raccolta_rifiuti_conferire	['conferimento', 'raccolta', 'rifiuti', 'conferire', 'parentela', 'autonomamente', 'sola', 'nessun', 'persona', 'anziana', 'assistenza', 'vincolo', 'accedere', 'differenziata', 'senza', 'puт', 'grado', 'centro', 'abitazioni', 'tali', 'spesa', 'ritira', 'crm', 'casa', 'servizio', 'trasporto', 'prestabilite', 'differenziare', 'occupa', 'vicolo']	Gestione Rifiuti e Assistenza Domiciliare
74	21	74_bonus_bebи_nascita_buono	['bonus', 'bebи', 'nascita', 'buono', 'figlio', 'nascituro', 'utilizzabile', 'supporti', 'cartellina', '00', 'bebe', 'ricevano', 'spendere', 'acquisto', 'concedendo', 'contenente', 'farmacie', 'necessari', 'neogenitori', '200', 'registrazione', 'decreto', 'stabilito', 'contributo', 'passaporto', 'documenti', 'gioia', 'euro', 'atto', 'terzo']	Sostegno Neogenitori e Nascita
75	20	75_imis_comodato_parenti_residenza	['imis', 'comodato', 'parenti', 'residenza', 'estende', 'obbligatoria', 'gratuito', 'casa', 'gratuitа', 'uso', 'legge', 'prima', 'aliquota', 'abitazione', 'utilizzano', 'grado', 'primo', 'apsp', 'aliquote', 'agevolazione', 'nonchй', 'provinciale', 'anziani', 'prevista', 'tariffa', 'concessa', 'applicazione', 'agevolata', 'fiscali', 'oltre']	Agevolazioni fiscali abitazione
76	19	76_levico_terme_da_ripropone	['levico', 'terme', 'da', 'ripropone', 'pomeriggi', 'hausham', 'riproposizione', 'accompagnamento', 'sorveglianza', 'pedibus', 'pensionati', 'elementari', 'funzioni', 'appm', 'gestito', 'servizio', 'amicizia', 'afflussi', 'asseconda', 'regolazione', 'organizzato', 'associazione', 'volontari', 'vigilanza', 'espresso', 'soggiornano', 'scuola', 'insieme', 'scolastico', 'davanti']	Servizi di Accompagnamento Scolastico
77	19	77_whatsapp_facebook_tasca_notizie	['whatsapp', 'facebook', 'tasca', 'notizie', 'segnalare', 'informazioni', 'reale', 'ottenerla', 'guasti', 'rapidi', 'direzioni', 'censiti', 'chiedere', 'ricevendo', 'amministrativa', 'valdaone', 'strade', 'telegram', 'interagendo', 'interessano', 'sindaco', 'segnalazione', 'collaboratori', 'pagina', 'acquedotto', 'direttamente', 'servizio', 'utili', 'fianco', 'interesse']	Gestione Comunicazione e Segnalazioni
78	18	78_asilo_nido_tariffe_riduzione	['asilo', 'nido', 'tariffe', 'riduzione', 'icef', 'frequenza', 'agevolazioni', 'commisurate', 'spettanti', 'secondo', 'giornaliera', 'successivi', 'calcolo', 'tariffarie', 'costi', 'quota', 'figlio', 'fissa', 'revisione', 'rette', 'partire', '40', 'monitoraggio', 'analisi', 'variabile', 'applica', '50', 'relativamente', 'frequentanti', 'relativa']	Gestione Tariffe Asili Nido
79	18	79_resta_passo_emergenza_casa	['resta', 'passo', 'emergenza', 'casa', 'covid', '19', 'spese', 'epidemiologica', 'domicilio', 'situazione', 'fragile', 'cdv', 'consegna', 'spesa', 'abitativa', 'primarie', 'colpite', 'sette', 'dipartimento', 'persone', 'abitativo', 'abitazione', 'agenzia', 'dovuta', 'attivazione', 'svolga', 'multidimensionale', 'malati', 'olistico', 'costrette']	Assistenza Abitativa Emergenza COVID
80	17	80_cre_estivi_parrocchie_importanti	['cre', 'estivi', 'parrocchie', 'importanti', 'impegnate', 'logistico', 'fondamentali', 'organizzativo', 'ritiene', 'offerti', 'finanziario', 'aggregazione', 'sostegno', 'strumenti', 'organizzazione', 'gestione', 'riserve', 'fondamentale', 'sociale', 'servizi', 'curiosi', 'conciliazione', 'famiglie', 'territorio', 'momenti', 'supporto', 'rete', 'realizzazione', 'periodicamente', 'lavoro']	Supporto Organizzativo e Sociale
81	17	81_ucraina_profughi_ucraini_alloggi	['ucraina', 'profughi', 'ucraini', 'alloggi', 'emergenza', 'caso', 'guerra', 'disposizione', 'mette', 'pompieri', 'cinformi', 'arrivi', 'provenienti', 'occasionale', 'calamitа', 'usufruibile', 'magazzino', 'locazione', 'temporaneo', 'accoglienza', 'individuata', 'temporaneamente', 'umanitari', 'intermediario', 'varato', 'emergenze', 'previo', 'pubblici', 'temporanea', 'bersntol']	Gestione emergenza profughi
82	17	82_integrati_concorrere_globale_biblioteche	['integrati', 'concorrere', 'globale', 'biblioteche', 'progetti', 'persona', 'scuole', 'ordine', 'diffusione', 'modo', 'formazione', 'promozione', 'conoscenza', 'sostegno', 'familiari', 'grado', 'associazioni', 'ogni', 'obbligo', 'territorio', 'spin', 'off', 'uni', 'descrizione', 'titolo', 'dell', 'scuola', 'agenzie', 'povertа', 'parrocchia']	Promozione Educativa e Sociale
83	17	83_tagesmutter_mantenimento_sorriso_servizio	['tagesmutter', 'mantenimento', 'sorriso', 'servizio', 'riattivato', 'rimane', 'confermata', 'regolamento', 'cooperativa', 'essere', 'coooperattva', 'richiesta', 'piccolo', 'adesione', 'oliveti', 'anghebeni', 'consolidato', 'descrizione', 'lasino', 'canonica', 'titolo', 'viste', 'attivo', 'parecchi', 'complementare', 'attraverso', 'contributo', '06', 'inserire', 'ponte']	Servizi di Assistenza e Cooperazione
84	15	84_gas_elettrica_bonus_energia	['gas', 'elettrica', 'bonus', 'energia', 'naturale', 'fornitura', 'clienti', 'domestici', 'tariffa', 'disagiati', 'trentini', 'stipulata', 'consorzio', 'caf', 'richieste', 'sociale', 'convenzione', 'debbano', 'aderisce', 'disagio', 'disagiate', '124', 'sgate', 'convertito', 'gestione', 'utenti', 'economiche', 'automaticamente', 'adesione', '157']	Sostegno Fornitura Energetica Domestica
85	15	85_pagina_dedicata_spiegare_intraprese	['pagina', 'dedicata', 'spiegare', 'intraprese', 'web', 'allestita', 'presolana', 'finalitа', 'family', 'sito', 'verranno', 'azioni', 'verrа', 'tempo', 'ufficiale', 'inserita', 'tutte', 'unione', 'progetto', 'aderenti', 'comuni', 'progetti', 'rivalta', 'comunicazione', 'torino', 'informazione', 'to', 'descrizione', 'titolo', 'pagine']	Comunicazione e Informazione Istituzionale
86	15	86_tennis_calcetto_campi_comprendente	['tennis', 'calcetto', 'campi', 'comprendente', 'campo', 'agevolate', 'pallavolo', 'usufruiscono', '14', 'gratuitа', '05', 'bocce', 'polifunzionale', '2012', 'tariffe', '25', 'delibera', 'utilizzo', 'previste', 'sportivo', 'agevolata', 'under', 'erboso', 'consiglio', 'tariffarie', 'manto', 'ristrutturati', 'sportivi', 'sintetico', 'circolo']	Strutture Sportive Comunali
87	15	87_yoga_ginnastica_pratiche_karate	['yoga', 'ginnastica', 'pratiche', 'karate', 'buone', 'corpo', 'gioca', 'tai', 'esercizi', 'chi', 'pratici', 'stretching', 'stress', 'assertivitа', 'pelvica', 'corso', 'conflitto', 'anima', 'posturale', 'pilates', 'burnout', 'movimento', 'mente', 'respirazione', 'quotidiano', 'bambini', 'coppie', 'emozioni', 'benessere', 'psicomotricitа']	Attività per il Benessere Fisico e Mentale
88	15	88_caritas_situazioni_decanale_bisognose	['caritas', 'situazioni', 'decanale', 'bisognose', 'assistendo', 'sportello', 'indirizzare', 'bisogno', 'marginalitа', 'adeguatamente', 'villa', 'punto', 'prime', 'mirano', 'straniere', 'gestisce', 'lagarina', 'povertа', 'raccogliere', 'segnalazione', 'ton', 'ascolto', 'canoniche', 'individuando', 'particolari', 'riguarda', 'soluzione', 'accoglienza', 'problematiche', 'persone']	Assistenza e Accoglienza Sociale
89	14	89_fiemme_acquacenter_sgs_iscrizione	['fiemme', 'acquacenter', 'sgs', 'iscrizione', 'molina', 'componente', 'stadio', 'concedono', 'riduzioni', 'concede', 'ghiaccio', 'ingressi', 'castello', 'tariffa', 'stessa', 'calciatori', 'dilettanti', 'poi', 'applica', 'raggruppa', 'casse', 'riduzione', 'pescatori', 'agevolata', 'atleti', 'malй', 'tariffe', 'praticano', 'polisportiva', 'malи']	Gestione Impianti Sportivi e Tariffe
90	14	90_stagisti_tirocinanti_studenti_accoglienza	['stagisti', 'tirocinanti', 'studenti', 'accoglienza', 'superiori', 'rende', 'accogliere', 'vari', 'disponibile', 'comunali', 'scuole', 'servizi', 'stage', 'collaborazione', 'amministrazione', 'enna', 'alternanza', 'accolti', 'universitа', 'catania', 'tirocinio', 'descrizione', 'titolo', 'professionali', 'tirocini', 'studi', 'provenienti', 'proseguirа', 'lavoro', 'istituti']	Accordi di tirocinio e stage
91	13	91_covid_prenotazione_vaccino_vaccinazione	['covid', 'prenotazione', 'vaccino', 'vaccinazione', 'vaccinale', 'vaccini', 'anti', '19', 'sportello', 'clusone', 'massivo', 'anticovid', 'palazzetto', 'appuntamento', 'ematici', 'disposizione', 'prenotare', 'messo', 'pandemica', 'aiuto', 'panchiа', 'crisi', 'prelievi', 'popolazione', 'salerno', 'prenota', '0000', 'amministrare', 'covi19', 'delicatissima']	Gestione Vaccinazioni Anticovid
92	13	92_implementazione_social_quant_gruppi	['implementazione', 'social', 'quant', 'gruppi', 'reale', 'watshapp', 'istagram', 'cosmos', 'possa', 'disservizi', 'facebook', 'bonus', 'informative', 'informare', 'informerа', 'altro', 'sms', 'interesse', 'serate', 'riguardano', 'scopo', 'merito', 'tempo', 'contributi', 'iniziative', 'famiglie', 'essere', 'attivato', 'richiesta', 'territorio']	Comunicazione e Coinvolgimento Comunitario
93	13	93_alleggerire_stabilire_visite_minori	['alleggerire', 'stabilire', 'visite', 'minori', 'benne', 'tariffe', 'belvedere', 'torre', 'levico', 'turistico', 'costi', 'forte', 'carico', 'terme', 'trenino', 'scopo', 'tariffarie', 'guidate', 'famiglie', 'trasporto', 'agevolate', 'prevede', 'figli', 'accesso', 'agevolazioni', 'roma', 'tariffaria', 'utilizzano', 'vetriolo', 'viale']	Agevolazioni Trasporto Turistico
94	13	94_regolamenti_camini_regolamento_fumarie	['regolamenti', 'camini', 'regolamento', 'fumarie', 'canne', 'combustione', 'approvazione', 'evacuazione', 'incombusto', 'fumaria', 'evitato', 'fuliggine', 'solido', 'incendi', 'depositi', 'canna', 'perfetta', 'onde', 'combustibile', 'incendio', 'uniforme', 'periodica', 'pulizia', 'causati', 'deposito', 'emas', 'dimostra', 'interna', 'superficie', 'alimentati']	Gestione Sicurezza Camini
95	11	95_aziende_attivano_aziendali_sitter	['aziende', 'attivano', 'aziendali', 'sitter', 'flessibili', 'crescere', 'iniziato', 'processo', 'sensibilizzazione', 'dipendenti', 'es', 'finalizzato', 'baby', 'minori', 'orari', 'numero', 'proseguire', 'far', 'ecc', '2018', 'premio', 'impegnano', 'definire', 'favore', 'interno', 'giа', 'riconoscimento', 'figli', 'welfare', 'servizi']	Servizi di Welfare Aziendale
96	11	96_serata_marchio_informativa_ricadute	['serata', 'marchio', 'informativa', 'ricadute', 'significato', 'presentare', 'relativa', 'family', 'utenti', 'trentino', 'organizzare', 'popolazione', 'cittadini', 'coinvolti', 'intenzione', 'enti', 'intende', 'friendly', 'altri', 'altrimenti', 'telematica', 'marchi', 'amministrazione', 'link', 'collaborazione', 'portale', 'comune', 'descrizione', 'titolo', 'potrа']	Organizzazione Eventi Comunitari
97	11	97_ta_ri_utilizzate_fini	['ta', 'ri', 'utilizzate', 'fini', 'comma', 'consiglio', 'aree', 'tassa', 'istituzionali', 'locali', 'art', 'pubbliche', 'ipotesi', 'costituite', 'perseguono', 'disciplina', '100', 'rilievo', 'riduzioni', 'regolamento', 'pagamento', 'esclusivamente', 'rifiuti', 'risulti', 'misura', 'sostituisca', 'utilizzati', 'salve', 'approvato', 'volta']	Gestione Rifiuti e Tasse Locali
98	11	98_compiti_limiti_attivati_realtа	['compiti', 'limiti', 'attivati', 'realtа', 'attualmente', 'continuitа', 'disponibili', 'potranno', 'spigolo', 'stondato', 'risorse', 'data', 'progetti', 'spazio', 'racchiude', 'virtuale', 'verrа', 'presenti', 'essere', 'locali', 'strutture', 'spazi', 'incarichi', 'fasciatoi', 'comuni', 'co', 'disposizione', 'direttamente', 'progettazioni', 'territorio']	Gestione Risorse e Spazi Locali
